<?xml version="1.0" encoding="UTF-8" standalone="yes"?>
<addon id="repository.krysty-xbmc" name="Krysty's Addons" version="1.0.0" provider-name="krysty">
	<extension point="xbmc.addon.repository" name="Krysty's Addons">
		<info compressed="false">https://raw.githubusercontent.com/yokrysty/krysty-xbmc/master/addons.xml</info>
		<checksum>https://raw.githubusercontent.com/yokrysty/krysty-xbmc/master/addons.xml.md5</checksum>
		<datadir zip="true">https://raw.githubusercontent.com/yokrysty/krysty-xbmc/master/</datadir>
	</extension>
	<extension point="xbmc.addon.metadata">
		<summary>Install Addons from https://github.com/yokrysty/krysty-xbmc</summary>
		<description>Download and install addons for Kodi (formerly known as XBMC).</description>
		<platform>all</platform>
	</extension>
</addon>