<window id="9999" type="dialog">
	<defaultcontrol always="false">200</defaultcontrol>
	<coordinates>
		<system>1</system>
		<posx>385</posx>
		<posy>95</posy>
	</coordinates>
	<controls>
		<control type="group">
			<control type="image">
				<description>Background Image</description>
				<posx>0</posx>
				<posy>0</posy>
				<width>510</width>
				<height>330</height>
				<texture border="40">DialogBack2.png</texture>
			</control>
			<control type="image">
				<description>Dialog Header image</description>
				<posx>40</posx>
				<posy>16</posy>
				<width>450</width>
				<height>40</height>
				<texture>dialogheader.png</texture>
			</control>
			<control type="label" id="100">
				<description>Header label</description>
				<posx>40</posx>
				<posy>20</posy>
				<width>450</width>
				<height>30</height>
				<font>font13_title</font>
				<label></label>
				<align>center</align>
				<aligny>center</aligny>
				<textcolor>selected</textcolor>
				<shadowcolor>black</shadowcolor>
			</control>
			<control type="button">
				<description>Close Window button</description>
				<posx>430</posx>
				<posy>15</posy>
				<width>64</width>
				<height>32</height>
				<label>-</label>
				<font>-</font>
				<onclick>PreviousMenu</onclick>
				<texturefocus>DialogCloseButton-focus.png</texturefocus>
				<texturenofocus>DialogCloseButton.png</texturenofocus>
				<visible>system.getbool(input.enablemouse)</visible>
			</control>
		</control>
		<control type="group">
			<posx>30</posx>
			<posy>70</posy>
			<control type="label">
				<description>Email Label</description>
				<posx>0</posx>
				<posy>0</posy>
				<width>0</width>
				<height>0</height>
				<label>E-mail</label>
				<align>left</align>
				<font>font12</font>
				<textcolor>blue</textcolor>
				<shadowcolor>black</shadowcolor>
			</control>
			<control type="label">
				<description>Password Label</description>
				<posx>0</posx>
				<posy>80</posy>
				<width>0</width>
				<height>0</height>
				<label>Parola</label>
				<align>left</align>
				<font>font12</font>
				<textcolor>blue</textcolor>
				<shadowcolor>black</shadowcolor>
			</control>
		</control>
		<control type="group" id="9001">
			<control type="button" id="200">
				<description>Login Button</description>
				<posx>40</posx>
				<posy>250</posy>
				<width>200</width>
				<height>40</height>
				<align>center</align>
				<aligny>center</aligny>
				<label>Logare</label>
				<font>font12_title</font>
				<ondown>201</ondown>
				<onright>201</onright>
			</control>
			<control type="button" id="201">
				<description>Cancel Button</description>
				<posx>270</posx>
				<posy>250</posy>
				<width>200</width>
				<height>40</height>
				<align>center</align>
				<aligny>center</aligny>
				<label>Abandon</label>
				<font>font12_title</font>
				<onup>200</onup>
				<onleft>200</onleft>
			</control>
		</control>
	</controls>
</window>